,Names,Prices,Images,Links
0,SONY ZV-E10L Mirrorless Camera Body with 1650 mm Power Zoom Lens Vlog Camera,"₹67,990",https://rukminim1.flixcart.com/image/312/312/ktlu9ow0/dslr-camera/r/y/j/alpha-zv-e10-24-2-megapixel-with-interchangeable-lens-aps-c-original-imag6wxxhxrv9htc.jpeg?q=70,https://www.flipkart.com/sony-zv-e10l-mirrorless-camera-body-1650-mm-power-zoom-lens-vlog/p/itmed07cbb694444?pid=DLLG6G8U8P2NGEHG&lid=LSTDLLG6G8U8P2NGEHGGVZNLB&marketplace=FLIPKART&store=jek%2Fp31%2Ftrv&srno=b_1_1&otracker=hp_omu_Best%2Bof%2BElectronics_1_3.dealCard.OMU_Q5LU1U8PHMK6_3&otracker1=hp_omu_PINNED_neo%2Fmerchandising_Best%2Bof%2BElectronics_NA_dealCard_cc_1_NA_view-all_3&fm=organic&iid=37e07bd3-bb70-4790-adb0-17829bfd71cc.DLLG6G8U8P2NGEHG.SEARCH&ppt=None&ppn=None&ssid=mirzm6bry80000001675767081937
1,SONY Alpha ILCE-6400L APS-C Mirrorless Camera with 16-50 mm Power Zoom Lens Featuring Eye AF and 4K mo...,"₹79,990",https://rukminim1.flixcart.com/image/312/312/kw9krrk0/dslr-camera/1/h/j/-original-imag8z5weagzztda.jpeg?q=70,https://www.flipkart.com/sony-alpha-ilce-6400l-aps-c-mirrorless-camera-16-50-mm-power-zoom-lens-featuring-eye-af-4k-movie-recording/p/itm960219ec4660b?pid=DLLFDJ9DFXVAZDTS&lid=LSTDLLFDJ9DFXVAZDTSQXJEDS&marketplace=FLIPKART&store=jek%2Fp31%2Ftrv&srno=b_1_2&otracker=hp_omu_Best%2Bof%2BElectronics_1_3.dealCard.OMU_Q5LU1U8PHMK6_3&otracker1=hp_omu_PINNED_neo%2Fmerchandising_Best%2Bof%2BElectronics_NA_dealCard_cc_1_NA_view-all_3&fm=organic&iid=37e07bd3-bb70-4790-adb0-17829bfd71cc.DLLFDJ9DFXVAZDTS.SEARCH&ppt=None&ppn=None&ssid=mirzm6bry80000001675767081937
2,SONY Alpha ILCE-6100L APS-C Mirrorless Camera with 16-50 mm Power Zoom Lens Featuring Eye AF and 4K mo...,"₹66,990",https://rukminim1.flixcart.com/image/312/312/k3q76a80/camera/a/9/y/sony-apsc-ilce-6100l-b-in5-mirrorless-original-imafm6msv5uzrmgt.jpeg?q=70,https://www.flipkart.com/sony-alpha-ilce-6100l-aps-c-mirrorless-camera-16-50-mm-power-zoom-lens-featuring-eye-af-4k-movie-recording/p/itmdc3e60ee35fb1?pid=CAMFM67HBBUJWA9Y&lid=LSTCAMFM67HBBUJWA9YK7N4VT&marketplace=FLIPKART&store=jek%2Fp31%2Ftrv&srno=b_1_3&otracker=hp_omu_Best%2Bof%2BElectronics_1_3.dealCard.OMU_Q5LU1U8PHMK6_3&otracker1=hp_omu_PINNED_neo%2Fmerchandising_Best%2Bof%2BElectronics_NA_dealCard_cc_1_NA_view-all_3&fm=organic&iid=37e07bd3-bb70-4790-adb0-17829bfd71cc.CAMFM67HBBUJWA9Y.SEARCH&ppt=None&ppn=None&ssid=mirzm6bry80000001675767081937
3,Canon EOS R10 Mirrorless Camera Body with RF-S 18 - 150 mm f/3.5 - 6.3 IS STM Lens Kit,"₹1,12,999",https://rukminim1.flixcart.com/image/312/312/l5fnhjk0/dslr-camera/f/t/m/eos-r10-24-2-r10-canon-original-imagg42fsbgv79da.jpeg?q=70,https://www.flipkart.com/canon-eos-r10-mirrorless-camera-body-rf-s-18-150-mm-f-3-5-6-3-stm-lens-kit/p/itmd3e8ee6e3f328?pid=DLLGFXCMZJJAQVG6&lid=LSTDLLGFXCMZJJAQVG6XEKLZG&marketplace=FLIPKART&store=jek%2Fp31%2Ftrv&srno=b_1_4&otracker=hp_omu_Best%2Bof%2BElectronics_1_3.dealCard.OMU_Q5LU1U8PHMK6_3&otracker1=hp_omu_PINNED_neo%2Fmerchandising_Best%2Bof%2BElectronics_NA_dealCard_cc_1_NA_view-all_3&fm=organic&iid=37e07bd3-bb70-4790-adb0-17829bfd71cc.DLLGFXCMZJJAQVG6.SEARCH&ppt=None&ppn=None&ssid=mirzm6bry80000001675767081937
4,Canon EOS R10 Mirrorless Camera Body Only,"₹79,990",https://rukminim1.flixcart.com/image/312/312/l5fnhjk0/dslr-camera/z/y/w/eos-r10-24-2-r10-canon-original-imagg4y36hykhrjg.jpeg?q=70,https://www.flipkart.com/canon-eos-r10-mirrorless-camera-body-only/p/itmf0f859f7f3367?pid=DLLGFXCMZWQPBCHD&lid=LSTDLLGFXCMZWQPBCHDGOLAFC&marketplace=FLIPKART&store=jek%2Fp31%2Ftrv&srno=b_1_5&otracker=hp_omu_Best%2Bof%2BElectronics_1_3.dealCard.OMU_Q5LU1U8PHMK6_3&otracker1=hp_omu_PINNED_neo%2Fmerchandising_Best%2Bof%2BElectronics_NA_dealCard_cc_1_NA_view-all_3&fm=organic&iid=37e07bd3-bb70-4790-adb0-17829bfd71cc.DLLGFXCMZWQPBCHD.SEARCH&ppt=None&ppn=None&ssid=mirzm6bry80000001675767081937
5,Canon EOS M50 Mark II Mirrorless Camera EF-M15-45mm is STM Lens,"₹55,490",https://rukminim1.flixcart.com/image/312/312/knyxqq80/dslr-camera/r/y/x/digital-camera-eos-m50-mark-ii-eos-m50-mark-ii-canon-original-imag2gzkexzqhyhu.jpeg?q=70,https://www.flipkart.com/canon-eos-m50-mark-ii-mirrorless-camera-ef-m15-45mm-stm-lens/p/itm7a4f536cb1255?pid=DLLGFY7XYG8YFMQT&lid=LSTDLLGFY7XYG8YFMQTBXDG2G&marketplace=FLIPKART&store=jek%2Fp31%2Ftrv&srno=b_1_6&otracker=hp_omu_Best%2Bof%2BElectronics_1_3.dealCard.OMU_Q5LU1U8PHMK6_3&otracker1=hp_omu_PINNED_neo%2Fmerchandising_Best%2Bof%2BElectronics_NA_dealCard_cc_1_NA_view-all_3&fm=organic&iid=37e07bd3-bb70-4790-adb0-17829bfd71cc.DLLGFY7XYG8YFMQT.SEARCH&ppt=None&ppn=None&ssid=mirzm6bry80000001675767081937
6,NIKON Z5 Mirrorless Camera 24-70 mm,"₹1,56,990",https://rukminim1.flixcart.com/image/312/312/kokdci80/dslr-camera/a/g/a/z-24-70mm-z5-nikon-original-imag2zugqzjmsth3.jpeg?q=70,https://www.flipkart.com/nikon-z5-mirrorless-camera-24-70-mm/p/itme920a2729f0e1?pid=DLLG2XDCY9HZMBB7&lid=LSTDLLG2XDCY9HZMBB7J3A9DI&marketplace=FLIPKART&store=jek%2Fp31%2Ftrv&srno=b_1_7&otracker=hp_omu_Best%2Bof%2BElectronics_1_3.dealCard.OMU_Q5LU1U8PHMK6_3&otracker1=hp_omu_PINNED_neo%2Fmerchandising_Best%2Bof%2BElectronics_NA_dealCard_cc_1_NA_view-all_3&fm=organic&iid=37e07bd3-bb70-4790-adb0-17829bfd71cc.DLLG2XDCY9HZMBB7.SEARCH&ppt=None&ppn=None&ssid=mirzm6bry80000001675767081937
7,Canon EOS M50 Mark II Vlogger Kit Mirrorless Camera EF-M 15-45mm Lens,"₹69,999",https://rukminim1.flixcart.com/image/312/312/kr2e3680/dslr-camera/j/1/n/eos-m50-mark-ii-vlogger-kit-eos-m50-mark-ii-vlogger-kit-canon-original-imag4xzzrhfeycuu.jpeg?q=70,https://www.flipkart.com/canon-eos-m50-mark-ii-vlogger-kit-mirrorless-camera-ef-m-15-45mm-lens/p/itm1398d193d0005?pid=DLLG4NTMTDF4BETY&lid=LSTDLLG4NTMTDF4BETYH94GVG&marketplace=FLIPKART&store=jek%2Fp31%2Ftrv&srno=b_1_8&otracker=hp_omu_Best%2Bof%2BElectronics_1_3.dealCard.OMU_Q5LU1U8PHMK6_3&otracker1=hp_omu_PINNED_neo%2Fmerchandising_Best%2Bof%2BElectronics_NA_dealCard_cc_1_NA_view-all_3&fm=organic&iid=37e07bd3-bb70-4790-adb0-17829bfd71cc.DLLG4NTMTDF4BETY.SEARCH&ppt=None&ppn=None&ssid=mirzm6bry80000001675767081937
8,SONY Alpha ILCE-6400M APS-C Mirrorless Camera with 18-135 mm Zoom Lens Featuring Eye AF and 4K movie r...,"₹1,05,990",https://rukminim1.flixcart.com/image/312/312/kw9krrk0/dslr-camera/u/0/f/-original-imag8z5wh87ggcgy.jpeg?q=70,https://www.flipkart.com/sony-alpha-ilce-6400m-aps-c-mirrorless-camera-18-135-mm-zoom-lens-featuring-eye-af-4k-movie-recording/p/itm8bb8f94012e57?pid=DLLFDJ8AHYXPQKRG&lid=LSTDLLFDJ8AHYXPQKRGYHKZPO&marketplace=FLIPKART&store=jek%2Fp31%2Ftrv&srno=b_1_9&otracker=hp_omu_Best%2Bof%2BElectronics_1_3.dealCard.OMU_Q5LU1U8PHMK6_3&otracker1=hp_omu_PINNED_neo%2Fmerchandising_Best%2Bof%2BElectronics_NA_dealCard_cc_1_NA_view-all_3&fm=organic&iid=37e07bd3-bb70-4790-adb0-17829bfd71cc.DLLFDJ8AHYXPQKRG.SEARCH&ppt=None&ppn=None&ssid=mirzm6bry80000001675767081937
9,FUJIFILM X Series X-T4 Mirrorless Camera Body with XF 16-80mm Lens,"₹1,79,999",https://rukminim1.flixcart.com/image/312/312/kamtsi80/dslr-camera/g/s/p/x-t4-26-mp-x-t4-fujifilm-original-imafs5jwwxamtdde.jpeg?q=70,https://www.flipkart.com/fujifilm-x-series-x-t4-mirrorless-camera-body-xf-16-80mm-lens/p/itm39cc60c971f65?pid=DLLFSY4XAADPXGSP&lid=LSTDLLFSY4XAADPXGSPDU7LLQ&marketplace=FLIPKART&store=jek%2Fp31%2Ftrv&srno=b_1_10&otracker=hp_omu_Best%2Bof%2BElectronics_1_3.dealCard.OMU_Q5LU1U8PHMK6_3&otracker1=hp_omu_PINNED_neo%2Fmerchandising_Best%2Bof%2BElectronics_NA_dealCard_cc_1_NA_view-all_3&fm=organic&iid=37e07bd3-bb70-4790-adb0-17829bfd71cc.DLLFSY4XAADPXGSP.SEARCH&ppt=None&ppn=None&ssid=mirzm6bry80000001675767081937
10,Canon EOS R10 Mirrorless Camera Body with RF-S 18 - 45 mm f/4.5 - 6.3 IS STM Lens,"₹89,990",https://rukminim1.flixcart.com/image/312/312/l5fnhjk0/dslr-camera/g/t/7/eos-r10-24-2-r10-canon-original-imagg4y52cybasdr.jpeg?q=70,https://www.flipkart.com/canon-eos-r10-mirrorless-camera-body-rf-s-18-45-mm-f-4-5-6-3-stm-lens/p/itm67c424f9d9d96?pid=DLLGFXCMK3DRMEDP&lid=LSTDLLGFXCMK3DRMEDPXA2VV2&marketplace=FLIPKART&store=jek%2Fp31%2Ftrv&srno=b_1_11&otracker=hp_omu_Best%2Bof%2BElectronics_1_3.dealCard.OMU_Q5LU1U8PHMK6_3&otracker1=hp_omu_PINNED_neo%2Fmerchandising_Best%2Bof%2BElectronics_NA_dealCard_cc_1_NA_view-all_3&fm=organic&iid=37e07bd3-bb70-4790-adb0-17829bfd71cc.DLLGFXCMK3DRMEDP.SEARCH&ppt=None&ppn=None&ssid=mirzm6bry80000001675767081937
11,SONY Alpha Full Frame ILCE-7M2K/BQ IN5 Mirrorless Camera Body with 28 - 70 mm Lens,"₹89,999",https://rukminim1.flixcart.com/image/312/312/l5jxt3k0/dslr-camera/m/n/a/-original-imagg7hsggshhwbz.jpeg?q=70,https://www.flipkart.com/sony-alpha-full-frame-ilce-7m2k-bq-in5-mirrorless-camera-body-28-70-mm-lens/p/itm92df94dc68fff?pid=DLLF6QZPNKTQMS8J&lid=LSTDLLF6QZPNKTQMS8JPI2J50&marketplace=FLIPKART&store=jek%2Fp31%2Ftrv&srno=b_1_12&otracker=hp_omu_Best%2Bof%2BElectronics_1_3.dealCard.OMU_Q5LU1U8PHMK6_3&otracker1=hp_omu_PINNED_neo%2Fmerchandising_Best%2Bof%2BElectronics_NA_dealCard_cc_1_NA_view-all_3&fm=organic&iid=37e07bd3-bb70-4790-adb0-17829bfd71cc.DLLF6QZPNKTQMS8J.SEARCH&ppt=None&ppn=None&ssid=mirzm6bry80000001675767081937
12,SONY Alpha ILCE-7CL Full Frame Mirrorless Camera with 28-60 mm Zoom LensFeaturing Eye AF and 4K movie ...,"₹1,73,290",https://rukminim1.flixcart.com/image/312/312/kw9krrk0/dslr-camera/s/k/y/-original-imag8z5wgnmpqfvy.jpeg?q=70,https://www.flipkart.com/sony-alpha-ilce-7cl-full-frame-mirrorless-camera-28-60-mm-zoom-lensfeaturing-eye-af-4k-movie-recording/p/itmd61df74331787?pid=DLLFYB4E3UBR9ZK7&lid=LSTDLLFYB4E3UBR9ZK7N5B9LW&marketplace=FLIPKART&store=jek%2Fp31%2Ftrv&srno=b_1_13&otracker=hp_omu_Best%2Bof%2BElectronics_1_3.dealCard.OMU_Q5LU1U8PHMK6_3&otracker1=hp_omu_PINNED_neo%2Fmerchandising_Best%2Bof%2BElectronics_NA_dealCard_cc_1_NA_view-all_3&fm=organic&iid=37e07bd3-bb70-4790-adb0-17829bfd71cc.DLLFYB4E3UBR9ZK7.SEARCH&ppt=None&ppn=None&ssid=mirzm6bry80000001675767081937
13,SONY Alpha ILCE-6100 APS-C Mirrorless Camera Body Only Featuring Eye AF and 4K movie recording,"₹56,990",https://rukminim1.flixcart.com/image/312/312/k3q76a80/camera/m/c/4/sony-apsc-ilce-6100-b-in5-mirrorless-original-imafm6nu2zq8xstc.jpeg?q=70,https://www.flipkart.com/sony-alpha-ilce-6100-aps-c-mirrorless-camera-body-only-featuring-eye-af-4k-movie-recording/p/itmfe1d3084d239e?pid=CAMFM67HNWZRQMC4&lid=LSTCAMFM67HNWZRQMC4088ORK&marketplace=FLIPKART&store=jek%2Fp31%2Ftrv&srno=b_1_14&otracker=hp_omu_Best%2Bof%2BElectronics_1_3.dealCard.OMU_Q5LU1U8PHMK6_3&otracker1=hp_omu_PINNED_neo%2Fmerchandising_Best%2Bof%2BElectronics_NA_dealCard_cc_1_NA_view-all_3&fm=organic&iid=37e07bd3-bb70-4790-adb0-17829bfd71cc.CAMFM67HNWZRQMC4.SEARCH&ppt=None&ppn=None&ssid=mirzm6bry80000001675767081937
14,SONY ZV-E10 Mirrorless Camera Body Only Vlog Camera,"₹52,599",https://rukminim1.flixcart.com/image/312/312/ktlu9ow0/dslr-camera/y/e/h/alpha-zv-e10-24-2-megapixel-with-interchangeable-lens-aps-c-original-imag6wxfytmvjw7a.jpeg?q=70,https://www.flipkart.com/sony-zv-e10-mirrorless-camera-body-only-vlog/p/itm7f51f42599b5f?pid=DLLG6G8UNHFCDYY9&lid=LSTDLLG6G8UNHFCDYY9F9XICP&marketplace=FLIPKART&store=jek%2Fp31%2Ftrv&srno=b_1_15&otracker=hp_omu_Best%2Bof%2BElectronics_1_3.dealCard.OMU_Q5LU1U8PHMK6_3&otracker1=hp_omu_PINNED_neo%2Fmerchandising_Best%2Bof%2BElectronics_NA_dealCard_cc_1_NA_view-all_3&fm=organic&iid=37e07bd3-bb70-4790-adb0-17829bfd71cc.DLLG6G8UNHFCDYY9.SEARCH&ppt=None&ppn=None&ssid=mirzm6bry80000001675767081937
15,SONY Alpha ILCE-6400 APS-C Mirrorless Camera Body Only Featuring Eye AF and 4K movie recording,"₹72,990",https://rukminim1.flixcart.com/image/312/312/kw9krrk0/dslr-camera/6/j/k/-original-imag8z5wzzcgkzva.jpeg?q=70,https://www.flipkart.com/sony-alpha-ilce-6400-aps-c-mirrorless-camera-body-only-featuring-eye-af-4k-movie-recording/p/itm166fa2e5ce8c4?pid=DLLFDJ5TNFYM4DZY&lid=LSTDLLFDJ5TNFYM4DZYV9KH5H&marketplace=FLIPKART&store=jek%2Fp31%2Ftrv&srno=b_1_16&otracker=hp_omu_Best%2Bof%2BElectronics_1_3.dealCard.OMU_Q5LU1U8PHMK6_3&otracker1=hp_omu_PINNED_neo%2Fmerchandising_Best%2Bof%2BElectronics_NA_dealCard_cc_1_NA_view-all_3&fm=organic&iid=37e07bd3-bb70-4790-adb0-17829bfd71cc.DLLFDJ5TNFYM4DZY.SEARCH&ppt=None&ppn=None&ssid=mirzm6bry80000001675767081937
16,SONY Alpha ILCE-7M4 Full Frame Mirrorless Camera Body Featuring Eye AF and 4K movie recording,"₹2,13,490",https://rukminim1.flixcart.com/image/312/312/l08gsy80/dslr-camera/s/e/b/-original-imagc2cz2hyqgwmn.jpeg?q=70,https://www.flipkart.com/sony-alpha-ilce-7m4-full-frame-mirrorless-camera-body-featuring-eye-af-4k-movie-recording/p/itmf54ab4da56f4d?pid=DLLGBKMZUZKSYUUR&lid=LSTDLLGBKMZUZKSYUURFNBMU5&marketplace=FLIPKART&store=jek%2Fp31%2Ftrv&srno=b_1_17&otracker=hp_omu_Best%2Bof%2BElectronics_1_3.dealCard.OMU_Q5LU1U8PHMK6_3&otracker1=hp_omu_PINNED_neo%2Fmerchandising_Best%2Bof%2BElectronics_NA_dealCard_cc_1_NA_view-all_3&fm=organic&iid=37e07bd3-bb70-4790-adb0-17829bfd71cc.DLLGBKMZUZKSYUUR.SEARCH&ppt=None&ppn=None&ssid=mirzm6bry80000001675767081937
17,NIKON Z50 Mirrorless Camera Nikkor Z DX 18-140 mm f/3.5-6.3 VR,"₹1,09,990",https://rukminim1.flixcart.com/image/312/312/kyt0ya80/dslr-camera/k/m/b/z50-21-51-z50-18-140mm-nikon-original-imagaymzyjxhabmh.jpeg?q=70,https://www.flipkart.com/nikon-z50-mirrorless-camera-nikkor-z-dx-18-140-mm-f-3-5-6-3-vr/p/itm4b84cec1210e3?pid=DLLGARYGYKXAWATX&lid=LSTDLLGARYGYKXAWATX1XKOHM&marketplace=FLIPKART&store=jek%2Fp31%2Ftrv&srno=b_1_18&otracker=hp_omu_Best%2Bof%2BElectronics_1_3.dealCard.OMU_Q5LU1U8PHMK6_3&otracker1=hp_omu_PINNED_neo%2Fmerchandising_Best%2Bof%2BElectronics_NA_dealCard_cc_1_NA_view-all_3&fm=organic&iid=37e07bd3-bb70-4790-adb0-17829bfd71cc.DLLGARYGYKXAWATX.SEARCH&ppt=None&ppn=None&ssid=mirzm6bry80000001675767081937
18,NIKON Z30 Mirrorless Camera Z DX 16 - 50 mm f/3.5 - 6.3 VR Lens,"₹58,200",https://rukminim1.flixcart.com/image/312/312/l5iid8w0/dslr-camera/b/0/f/z30-20-9-sz-nikon-original-imagg62mgztemgue.jpeg?q=70,https://www.flipkart.com/nikon-z30-mirrorless-camera-z-dx-16-50-mm-f-3-5-6-3-vr-lens/p/itm63022ba3d2150?pid=DLLGGYSTMHSSXFZR&lid=LSTDLLGGYSTMHSSXFZRBRCL0W&marketplace=FLIPKART&store=jek%2Fp31%2Ftrv&srno=b_1_19&otracker=hp_omu_Best%2Bof%2BElectronics_1_3.dealCard.OMU_Q5LU1U8PHMK6_3&otracker1=hp_omu_PINNED_neo%2Fmerchandising_Best%2Bof%2BElectronics_NA_dealCard_cc_1_NA_view-all_3&fm=organic&iid=37e07bd3-bb70-4790-adb0-17829bfd71cc.DLLGGYSTMHSSXFZR.SEARCH&ppt=None&ppn=None&ssid=mirzm6bry80000001675767081937
19,SONY Alpha ILCE-7RM3A Full Frame Mirrorless Camera Body Featuring Eye AF and 4K movie recording,"₹1,79,490",https://rukminim1.flixcart.com/image/312/312/jn97frk0/dslr-camera/n/t/g/ilce-7rm3-sony-original-imaf9zhknvjh7ksp.jpeg?q=70,https://www.flipkart.com/sony-alpha-ilce-7rm3a-full-frame-mirrorless-camera-body-featuring-eye-af-4k-movie-recording/p/itm2753008b4cb0b?pid=DLLF7GBG8PCBGNTG&lid=LSTDLLF7GBG8PCBGNTG0GMIST&marketplace=FLIPKART&store=jek%2Fp31%2Ftrv&srno=b_1_20&otracker=hp_omu_Best%2Bof%2BElectronics_1_3.dealCard.OMU_Q5LU1U8PHMK6_3&otracker1=hp_omu_PINNED_neo%2Fmerchandising_Best%2Bof%2BElectronics_NA_dealCard_cc_1_NA_view-all_3&fm=organic&iid=37e07bd3-bb70-4790-adb0-17829bfd71cc.DLLF7GBG8PCBGNTG.SEARCH&ppt=None&ppn=None&ssid=mirzm6bry80000001675767081937
20,SONY Alpha ILCE-6600M APS-C Mirrorless Camera with 18-135 mm Zoom Lens Featuring Eye AF and 4K movie r...,"₹1,49,990",https://rukminim1.flixcart.com/image/312/312/k3q76a80/camera/k/7/9/sony-apsc-ilce-6600m-b-in5-mirrorless-original-imafm6nvxhybpwhs.jpeg?q=70,https://www.flipkart.com/sony-alpha-ilce-6600m-aps-c-mirrorless-camera-18-135-mm-zoom-lens-featuring-eye-af-4k-movie-recording/p/itmaf266f664f2e4?pid=CAMFM67HYKENPK79&lid=LSTCAMFM67HYKENPK793EXXXC&marketplace=FLIPKART&store=jek%2Fp31%2Ftrv&srno=b_1_21&otracker=hp_omu_Best%2Bof%2BElectronics_1_3.dealCard.OMU_Q5LU1U8PHMK6_3&otracker1=hp_omu_PINNED_neo%2Fmerchandising_Best%2Bof%2BElectronics_NA_dealCard_cc_1_NA_view-all_3&fm=organic&iid=37e07bd3-bb70-4790-adb0-17829bfd71cc.CAMFM67HYKENPK79.SEARCH&ppt=None&ppn=None&ssid=mirzm6bry80000001675767081937
21,FUJIFILM X-T30II18-55 Mirrorless Camera X-T30II18-55,"₹1,24,999",https://rukminim1.flixcart.com/image/312/312/ky3b0y80/dslr-camera/y/j/n/x-t30-ii-mirrorless-camera-body-with-xf-18-55mm-ois-zoom-lens-original-imagaeguds5sycx2.jpeg?q=70,https://www.flipkart.com/fujifilm-x-t30ii18-55-mirrorless-camera/p/itmaef614705f44e?pid=DLLGA23HGCTGWZSG&lid=LSTDLLGA23HGCTGWZSGNXOPVJ&marketplace=FLIPKART&store=jek%2Fp31%2Ftrv&srno=b_1_22&otracker=hp_omu_Best%2Bof%2BElectronics_1_3.dealCard.OMU_Q5LU1U8PHMK6_3&otracker1=hp_omu_PINNED_neo%2Fmerchandising_Best%2Bof%2BElectronics_NA_dealCard_cc_1_NA_view-all_3&fm=organic&iid=37e07bd3-bb70-4790-adb0-17829bfd71cc.DLLGA23HGCTGWZSG.SEARCH&ppt=None&ppn=None&ssid=mirzm6bry80000001675767081937
22,NIKON Z6 II Kit Mirrorless Camera 24-70mm Lens,"₹2,05,995",https://rukminim1.flixcart.com/image/312/312/kq9ta4w0/dslr-camera/w/z/n/z6-ii-z6-ii-kit-nikon-original-imag4btqjmu73zfk.jpeg?q=70,https://www.flipkart.com/nikon-z6-ii-kit-mirrorless-camera-24-70mm-lens/p/itmc8388ccb5cff8?pid=DLLG3UVGYA6WMVBP&lid=LSTDLLG3UVGYA6WMVBP1SQWTY&marketplace=FLIPKART&store=jek%2Fp31%2Ftrv&srno=b_1_23&otracker=hp_omu_Best%2Bof%2BElectronics_1_3.dealCard.OMU_Q5LU1U8PHMK6_3&otracker1=hp_omu_PINNED_neo%2Fmerchandising_Best%2Bof%2BElectronics_NA_dealCard_cc_1_NA_view-all_3&fm=organic&iid=37e07bd3-bb70-4790-adb0-17829bfd71cc.DLLG3UVGYA6WMVBP.SEARCH&ppt=None&ppn=None&ssid=mirzm6bry80000001675767081937
23,NIKON Z 50 Mirrorless Camera Body with 16-50mm & 50-250mm Lenses,"₹93,450",https://rukminim1.flixcart.com/image/312/312/k5o7r0w0/dslr-camera/m/3/2/z-50-z-50-nikon-original-imafzasj4nxzcxgn.jpeg?q=70,https://www.flipkart.com/nikon-z-50-mirrorless-camera-body-16-50mm-50-250mm-lenses/p/itmf3f5ad7ec8578?pid=DLLFHY8YCXP7WM32&lid=LSTDLLFHY8YCXP7WM32VVPLQE&marketplace=FLIPKART&store=jek%2Fp31%2Ftrv&srno=b_1_24&otracker=hp_omu_Best%2Bof%2BElectronics_1_3.dealCard.OMU_Q5LU1U8PHMK6_3&otracker1=hp_omu_PINNED_neo%2Fmerchandising_Best%2Bof%2BElectronics_NA_dealCard_cc_1_NA_view-all_3&fm=organic&iid=37e07bd3-bb70-4790-adb0-17829bfd71cc.DLLFHY8YCXP7WM32.SEARCH&ppt=None&ppn=None&ssid=mirzm6bry80000001675767081937
